feature,mean_abs_shap
shortwave_radiation,1.267805238161985
capacity_mw,1.002925105731277
direct_radiation,0.33916971999965595
clearsky_ghi_wm2,0.07547452608053799
solar_elevation_deg,0.0396601097962622
doy_sin,0.023861683609860736
diffuse_radiation,0.021614470761956887
temperature_2m,0.02019960994479858
cloud_cover,0.009351878437964214
hour_cos,0.0072601617413365965
doy_cos,0.006483832458926436
solar_azimuth_deg,0.003547392861114135
relative_humidity_2m,0.003502901716356956
hour_sin,0.0032047397333927557
wind_speed_10m,0.0025005969717850724
daylight_flag,0.001698450980096387
day_of_week,0.0011582439980368942
month,0.0
