feature,feature_value,shap_value
shortwave_radiation,357.05059363505904,0.7522666272452995
capacity_mw,7.580635245901639,-0.5612241859305657
direct_radiation,198.6658466977042,0.1445515339651993
clearsky_ghi_wm2,790.7014625790373,0.07474602613307106
solar_elevation_deg,53.95086206831295,0.03645639020872539
temperature_2m,32.936396627322644,-0.022013787549744136
doy_sin,0.0794772999236209,-0.017938094916082295
cloud_cover,53.924169982425454,-0.008543766030710484
diffuse_radiation,212.45092799975365,-0.006062177932261126
solar_azimuth_deg,264.9038018214136,-0.005249274343309602
doy_cos,-0.9968366760893436,-0.0042791216522856425
hour_cos,-0.7071067811865479,0.0032423478937745015
daylight_flag,1.0,0.0015339962186021734
day_of_week,5.0,0.0008189211825725707
hour_sin,-0.7071067811865471,0.0006088092074449726
relative_humidity_2m,59.787710059004745,-0.0005422969964674907
wind_speed_10m,3.267316987901665,7.784696560505808e-05
month,6.0,0.0
