,mean_abs_shap
pk,0.16586800199007368
pk_ffill,0.06511035763382264
kt_meas,0.010001776390562335
pk_day1,0.008379284693525543
dcos,0.0071239077375465434
pk_m12,0.006204151292760845
pres,0.0056366954155131835
kt_meas_m4,0.00552135776992482
pk_sd4,0.00519049446555726
pk_m4,0.004898883372284331
azim,0.004549513371676602
rh,0.0034583989418608078
hcos,0.003448336331097687
pk_lag_same,0.0033479991253136383
pk_d4,0.0028163194820713063
t_amb,0.002781824722001866
ghi_cs,0.0025886173182789367
pk_day30,0.0024558324024969093
dpres3h,0.0023167195396267956
hsin,0.002308750112908938
pk_day3,0.002126507518009109
wind,0.0016039817414634457
elev,0.0015864095919364528
dsin,0.0012382514711717489
pk_day7,0.0008103740492607355
age_h,0.0
lead_h,0.0
