snapshot_date,snapshot_month,district_id,district,governorate,latitude,longitude,coordinate_type,installations_since_2011,power_mw_since_2011,avg_installation_size_kwc,national_installations,national_power_mw,installation_share_national_pct,power_share_national_pct,new_installations_since_previous_snapshot,new_power_mw_since_previous_snapshot,source
2025-12-01,2025-12,D01,TUNIS VILLE,Tunis,36.80278,10.17972,representative_point,1840,7.8,4.239,135639,422.2,1.3565,1.8475,,,Programme Prosol 2025-12
2026-03-01,2026-03,D01,TUNIS VILLE,Tunis,36.80278,10.17972,representative_point,1923,8.1,4.212,144979,456.0,1.3264,1.7763,83.0,0.3,Programme Prosol 2026-03
2026-07-01,2026-07,D01,TUNIS VILLE,Tunis,36.80278,10.17972,representative_point,2170,9.1,4.194,160389,514.8,1.353,1.7677,247.0,1.0,Programme Prosol 2026-07
2025-12-01,2025-12,D02,ARIANA,Ariana,36.8625,10.19556,representative_point,5372,18.7,3.481,135639,422.2,3.9605,4.4292,,,Programme Prosol 2025-12
2026-03-01,2026-03,D02,ARIANA,Ariana,36.8625,10.19556,representative_point,5688,19.9,3.499,144979,456.0,3.9233,4.364,316.0,1.2,Programme Prosol 2026-03
2026-07-01,2026-07,D02,ARIANA,Ariana,36.8625,10.19556,representative_point,6276,22.4,3.569,160389,514.8,3.913,4.3512,588.0,2.5,Programme Prosol 2026-07
2025-12-01,2025-12,D03,EZZAHRA,Ben Arous,36.748,10.29634,representative_point,4260,12.6,2.958,135639,422.2,3.1407,2.9844,,,Programme Prosol 2025-12
2026-03-01,2026-03,D03,EZZAHRA,Ben Arous,36.748,10.29634,representative_point,4509,13.3,2.95,144979,456.0,3.1101,2.9167,249.0,0.7,Programme Prosol 2026-03
2026-07-01,2026-07,D03,EZZAHRA,Ben Arous,36.748,10.29634,representative_point,5005,15.2,3.037,160389,514.8,3.1205,2.9526,496.0,1.9,Programme Prosol 2026-07
2025-12-01,2025-12,D04,MOUROUJ,Ben Arous,36.71787,10.21084,representative_point,2134,6.2,2.905,135639,422.2,1.5733,1.4685,,,Programme Prosol 2025-12
2026-03-01,2026-03,D04,MOUROUJ,Ben Arous,36.71787,10.21084,representative_point,2287,6.8,2.973,144979,456.0,1.5775,1.4912,153.0,0.6,Programme Prosol 2026-03
2026-07-01,2026-07,D04,MOUROUJ,Ben Arous,36.71787,10.21084,representative_point,2637,8.0,3.034,160389,514.8,1.6441,1.554,350.0,1.2,Programme Prosol 2026-07
2025-12-01,2025-12,D05,KRAM,Tunis,36.8492,10.29658,representative_point,4471,16.5,3.69,135639,422.2,3.2962,3.9081,,,Programme Prosol 2025-12
2026-03-01,2026-03,D05,KRAM,Tunis,36.8492,10.29658,representative_point,4820,17.8,3.693,144979,456.0,3.3246,3.9035,349.0,1.3,Programme Prosol 2026-03
2026-07-01,2026-07,D05,KRAM,Tunis,36.8492,10.29658,representative_point,5339,19.8,3.709,160389,514.8,3.3288,3.8462,519.0,2.0,Programme Prosol 2026-07
2025-12-01,2025-12,D06,BARDO,Tunis,36.809,10.14,representative_point,2469,7.4,2.997,135639,422.2,1.8203,1.7527,,,Programme Prosol 2025-12
2026-03-01,2026-03,D06,BARDO,Tunis,36.809,10.14,representative_point,2667,8.1,3.037,144979,456.0,1.8396,1.7763,198.0,0.7,Programme Prosol 2026-03
2026-07-01,2026-07,D06,BARDO,Tunis,36.809,10.14,representative_point,3139,9.7,3.09,160389,514.8,1.9571,1.8842,472.0,1.6,Programme Prosol 2026-07
2025-12-01,2025-12,D07,MANNOUBA,Manouba,36.80778,10.10111,representative_point,2350,7.3,3.106,135639,422.2,1.7325,1.729,,,Programme Prosol 2025-12
2026-03-01,2026-03,D07,MANNOUBA,Manouba,36.80778,10.10111,representative_point,2559,8.0,3.126,144979,456.0,1.7651,1.7544,209.0,0.7,Programme Prosol 2026-03
2026-07-01,2026-07,D07,MANNOUBA,Manouba,36.80778,10.10111,representative_point,2914,9.4,3.226,160389,514.8,1.8168,1.826,355.0,1.4,Programme Prosol 2026-07
2025-12-01,2025-12,D08,EL MENZAH,Tunis,36.83839,10.15728,representative_point,3919,13.0,3.317,135639,422.2,2.8893,3.0791,,,Programme Prosol 2025-12
2026-03-01,2026-03,D08,EL MENZAH,Tunis,36.83839,10.15728,representative_point,4085,13.7,3.354,144979,456.0,2.8176,3.0044,166.0,0.7,Programme Prosol 2026-03
2026-07-01,2026-07,D08,EL MENZAH,Tunis,36.83839,10.15728,representative_point,4416,15.2,3.442,160389,514.8,2.7533,2.9526,331.0,1.5,Programme Prosol 2026-07
2025-12-01,2025-12,D09,ZAGHOUAN,Zaghouan,36.4,10.14,representative_point,902,2.8,3.104,135639,422.2,0.665,0.6632,,,Programme Prosol 2025-12
2026-03-01,2026-03,D09,ZAGHOUAN,Zaghouan,36.4,10.14,representative_point,974,3.0,3.08,144979,456.0,0.6718,0.6579,72.0,0.2,Programme Prosol 2026-03
2026-07-01,2026-07,D09,ZAGHOUAN,Zaghouan,36.4,10.14,representative_point,1075,3.4,3.163,160389,514.8,0.6702,0.6605,101.0,0.4,Programme Prosol 2026-07
2025-12-01,2025-12,D10,BIZERTE,Bizerte,37.29,9.87,representative_point,3206,9.5,2.963,135639,422.2,2.3636,2.2501,,,Programme Prosol 2025-12
2026-03-01,2026-03,D10,BIZERTE,Bizerte,37.29,9.87,representative_point,3402,10.3,3.028,144979,456.0,2.3465,2.2588,196.0,0.8,Programme Prosol 2026-03
2026-07-01,2026-07,D10,BIZERTE,Bizerte,37.29,9.87,representative_point,3711,11.4,3.072,160389,514.8,2.3137,2.2145,309.0,1.1,Programme Prosol 2026-07
2025-12-01,2025-12,D11,MENZEL BOURGUIBA,Bizerte,37.153,9.785,representative_point,658,2.0,3.04,135639,422.2,0.4851,0.4737,,,Programme Prosol 2025-12
2026-03-01,2026-03,D11,MENZEL BOURGUIBA,Bizerte,37.153,9.785,representative_point,709,2.2,3.103,144979,456.0,0.489,0.4825,51.0,0.2,Programme Prosol 2026-03
2026-07-01,2026-07,D11,MENZEL BOURGUIBA,Bizerte,37.153,9.785,representative_point,807,2.5,3.098,160389,514.8,0.5032,0.4856,98.0,0.3,Programme Prosol 2026-07
2025-12-01,2025-12,D12,NABEUL,Nabeul,36.45,10.73333,representative_point,4011,12.3,3.067,135639,422.2,2.9571,2.9133,,,Programme Prosol 2025-12
2026-03-01,2026-03,D12,NABEUL,Nabeul,36.45,10.73333,representative_point,4344,13.5,3.108,144979,456.0,2.9963,2.9605,333.0,1.2,Programme Prosol 2026-03
2026-07-01,2026-07,D12,NABEUL,Nabeul,36.45,10.73333,representative_point,4877,15.4,3.158,160389,514.8,3.0407,2.9915,533.0,1.9,Programme Prosol 2026-07
2025-12-01,2025-12,D13,MENZEL B-ZELFA,Nabeul,36.684,10.584,representative_point,2460,7.0,2.846,135639,422.2,1.8136,1.658,,,Programme Prosol 2025-12
2026-03-01,2026-03,D13,MENZEL B-ZELFA,Nabeul,36.684,10.584,representative_point,2688,7.9,2.939,144979,456.0,1.8541,1.7325,228.0,0.9,Programme Prosol 2026-03
2026-07-01,2026-07,D13,MENZEL B-ZELFA,Nabeul,36.684,10.584,representative_point,3025,9.1,3.008,160389,514.8,1.886,1.7677,337.0,1.2,Programme Prosol 2026-07
2025-12-01,2025-12,D14,MENZEL TEMIME,Nabeul,36.783,10.999,representative_point,2671,8.5,3.182,135639,422.2,1.9692,2.0133,,,Programme Prosol 2025-12
2026-03-01,2026-03,D14,MENZEL TEMIME,Nabeul,36.783,10.999,representative_point,2878,9.2,3.197,144979,456.0,1.9851,2.0175,207.0,0.7,Programme Prosol 2026-03
2026-07-01,2026-07,D14,MENZEL TEMIME,Nabeul,36.783,10.999,representative_point,3229,10.5,3.252,160389,514.8,2.0132,2.0396,351.0,1.3,Programme Prosol 2026-07
2025-12-01,2025-12,D15,HAMMAMET,Nabeul,36.4,10.61667,representative_point,2097,6.7,3.195,135639,422.2,1.546,1.5869,,,Programme Prosol 2025-12
2026-03-01,2026-03,D15,HAMMAMET,Nabeul,36.4,10.61667,representative_point,2299,7.5,3.262,144979,456.0,1.5857,1.6447,202.0,0.8,Programme Prosol 2026-03
2026-07-01,2026-07,D15,HAMMAMET,Nabeul,36.4,10.61667,representative_point,2636,8.8,3.338,160389,514.8,1.6435,1.7094,337.0,1.3,Programme Prosol 2026-07
2025-12-01,2025-12,D16,BEJA,Beja,36.73333,9.18333,representative_point,4076,10.5,2.576,135639,422.2,3.005,2.487,,,Programme Prosol 2025-12
2026-03-01,2026-03,D16,BEJA,Beja,36.73333,9.18333,representative_point,4185,10.8,2.581,144979,456.0,2.8866,2.3684,109.0,0.3,Programme Prosol 2026-03
2026-07-01,2026-07,D16,BEJA,Beja,36.73333,9.18333,representative_point,4341,11.4,2.626,160389,514.8,2.7065,2.2145,156.0,0.6,Programme Prosol 2026-07
2025-12-01,2025-12,D17,JENDOUBA,Jendouba,36.50111,8.77944,representative_point,819,2.8,3.419,135639,422.2,0.6038,0.6632,,,Programme Prosol 2025-12
2026-03-01,2026-03,D17,JENDOUBA,Jendouba,36.50111,8.77944,representative_point,918,3.1,3.377,144979,456.0,0.6332,0.6798,99.0,0.3,Programme Prosol 2026-03
2026-07-01,2026-07,D17,JENDOUBA,Jendouba,36.50111,8.77944,representative_point,1012,3.5,3.458,160389,514.8,0.631,0.6799,94.0,0.4,Programme Prosol 2026-07
2025-12-01,2025-12,D18,KEF,Kef,36.19,8.71,representative_point,1289,3.6,2.793,135639,422.2,0.9503,0.8527,,,Programme Prosol 2025-12
2026-03-01,2026-03,D18,KEF,Kef,36.19,8.71,representative_point,1361,3.8,2.792,144979,456.0,0.9388,0.8333,72.0,0.2,Programme Prosol 2026-03
2026-07-01,2026-07,D18,KEF,Kef,36.19,8.71,representative_point,1479,4.3,2.907,160389,514.8,0.9221,0.8353,118.0,0.5,Programme Prosol 2026-07
2025-12-01,2025-12,D19,SILIANA,Siliana,36.08333,9.36667,representative_point,514,1.6,3.113,135639,422.2,0.3789,0.379,,,Programme Prosol 2025-12
2026-03-01,2026-03,D19,SILIANA,Siliana,36.08333,9.36667,representative_point,546,1.7,3.114,144979,456.0,0.3766,0.3728,32.0,0.1,Programme Prosol 2026-03
2026-07-01,2026-07,D19,SILIANA,Siliana,36.08333,9.36667,representative_point,599,2.0,3.339,160389,514.8,0.3735,0.3885,53.0,0.3,Programme Prosol 2026-07
2025-12-01,2025-12,D20,TABARKA,Jendouba,36.954,8.758,representative_point,332,1.0,3.012,135639,422.2,0.2448,0.2369,,,Programme Prosol 2025-12
2026-03-01,2026-03,D20,TABARKA,Jendouba,36.954,8.758,representative_point,354,1.0,2.825,144979,456.0,0.2442,0.2193,22.0,0.0,Programme Prosol 2026-03
2026-07-01,2026-07,D20,TABARKA,Jendouba,36.954,8.758,representative_point,386,1.2,3.109,160389,514.8,0.2407,0.2331,32.0,0.2,Programme Prosol 2026-07
2025-12-01,2025-12,D21,SOUSSE,Sousse,35.82556,10.64111,representative_point,4333,11.4,2.631,135639,422.2,3.1945,2.7001,,,Programme Prosol 2025-12
2026-03-01,2026-03,D21,SOUSSE,Sousse,35.82556,10.64111,representative_point,4633,12.5,2.698,144979,456.0,3.1956,2.7412,300.0,1.1,Programme Prosol 2026-03
2026-07-01,2026-07,D21,SOUSSE,Sousse,35.82556,10.64111,representative_point,5074,14.1,2.779,160389,514.8,3.1636,2.7389,441.0,1.6,Programme Prosol 2026-07
2025-12-01,2025-12,D22,SOUSSE NORD,Sousse,35.85,10.65,representative_point,4624,14.7,3.179,135639,422.2,3.409,3.4818,,,Programme Prosol 2025-12
2026-03-01,2026-03,D22,SOUSSE NORD,Sousse,35.85,10.65,representative_point,4942,15.8,3.197,144979,456.0,3.4088,3.4649,318.0,1.1,Programme Prosol 2026-03
2026-07-01,2026-07,D22,SOUSSE NORD,Sousse,35.85,10.65,representative_point,5358,17.5,3.266,160389,514.8,3.3406,3.3994,416.0,1.7,Programme Prosol 2026-07
2025-12-01,2025-12,D23,MONASTIR,Monastir,35.79,10.82,representative_point,4719,15.2,3.221,135639,422.2,3.4791,3.6002,,,Programme Prosol 2025-12
2026-03-01,2026-03,D23,MONASTIR,Monastir,35.79,10.82,representative_point,5087,16.5,3.244,144979,456.0,3.5088,3.6184,368.0,1.3,Programme Prosol 2026-03
2026-07-01,2026-07,D23,MONASTIR,Monastir,35.79,10.82,representative_point,5782,19.2,3.321,160389,514.8,3.605,3.7296,695.0,2.7,Programme Prosol 2026-07
2025-12-01,2025-12,D24,MOKNINE,Monastir,35.633,10.905,representative_point,6691,20.3,3.034,135639,422.2,4.9329,4.8081,,,Programme Prosol 2025-12
2026-03-01,2026-03,D24,MOKNINE,Monastir,35.633,10.905,representative_point,7242,22.4,3.093,144979,456.0,4.9952,4.9123,551.0,2.1,Programme Prosol 2026-03
2026-07-01,2026-07,D24,MOKNINE,Monastir,35.633,10.905,representative_point,8261,26.4,3.196,160389,514.8,5.1506,5.1282,1019.0,4.0,Programme Prosol 2026-07
2025-12-01,2025-12,D25,MAHDIA,Mahdia,35.52,11.07,representative_point,3998,11.4,2.851,135639,422.2,2.9475,2.7001,,,Programme Prosol 2025-12
2026-03-01,2026-03,D25,MAHDIA,Mahdia,35.52,11.07,representative_point,4293,12.4,2.888,144979,456.0,2.9611,2.7193,295.0,1.0,Programme Prosol 2026-03
2026-07-01,2026-07,D25,MAHDIA,Mahdia,35.52,11.07,representative_point,4739,14.1,2.975,160389,514.8,2.9547,2.7389,446.0,1.7,Programme Prosol 2026-07
2025-12-01,2025-12,D26,KAIROUAN,Kairouan,35.68,10.1,representative_point,1657,4.9,2.957,135639,422.2,1.2216,1.1606,,,Programme Prosol 2025-12
2026-03-01,2026-03,D26,KAIROUAN,Kairouan,35.68,10.1,representative_point,1780,5.3,2.978,144979,456.0,1.2278,1.1623,123.0,0.4,Programme Prosol 2026-03
2026-07-01,2026-07,D26,KAIROUAN,Kairouan,35.68,10.1,representative_point,1952,5.9,3.023,160389,514.8,1.217,1.1461,172.0,0.6,Programme Prosol 2026-07
2025-12-01,2025-12,D27,KAIROUAN NORD,Kairouan,35.72,10.1,representative_point,986,2.8,2.84,135639,422.2,0.7269,0.6632,,,Programme Prosol 2025-12
2026-03-01,2026-03,D27,KAIROUAN NORD,Kairouan,35.72,10.1,representative_point,1028,2.9,2.821,144979,456.0,0.7091,0.636,42.0,0.1,Programme Prosol 2026-03
2026-07-01,2026-07,D27,KAIROUAN NORD,Kairouan,35.72,10.1,representative_point,1113,3.2,2.875,160389,514.8,0.6939,0.6216,85.0,0.3,Programme Prosol 2026-07
2025-12-01,2025-12,D28,EL JEM,Mahdia,35.296,10.706,representative_point,1461,4.1,2.806,135639,422.2,1.0771,0.9711,,,Programme Prosol 2025-12
2026-03-01,2026-03,D28,EL JEM,Mahdia,35.296,10.706,representative_point,1672,4.7,2.811,144979,456.0,1.1533,1.0307,211.0,0.6,Programme Prosol 2026-03
2026-07-01,2026-07,D28,EL JEM,Mahdia,35.296,10.706,representative_point,1959,5.6,2.859,160389,514.8,1.2214,1.0878,287.0,0.9,Programme Prosol 2026-07
2025-12-01,2025-12,D29,KASSERINE,Kasserine,35.18,8.83,representative_point,280,1.0,3.571,135639,422.2,0.2064,0.2369,,,Programme Prosol 2025-12
2026-03-01,2026-03,D29,KASSERINE,Kasserine,35.18,8.83,representative_point,320,1.2,3.75,144979,456.0,0.2207,0.2632,40.0,0.2,Programme Prosol 2026-03
2026-07-01,2026-07,D29,KASSERINE,Kasserine,35.18,8.83,representative_point,373,1.4,3.753,160389,514.8,0.2326,0.272,53.0,0.2,Programme Prosol 2026-07
2025-12-01,2025-12,D30,SIDI-BOUZID,Sidi Bouzid,35.04028,9.49361,representative_point,759,2.9,3.821,135639,422.2,0.5596,0.6869,,,Programme Prosol 2025-12
2026-03-01,2026-03,D30,SIDI-BOUZID,Sidi Bouzid,35.04028,9.49361,representative_point,833,3.2,3.842,144979,456.0,0.5746,0.7018,74.0,0.3,Programme Prosol 2026-03
2026-07-01,2026-07,D30,SIDI-BOUZID,Sidi Bouzid,35.04028,9.49361,representative_point,958,3.7,3.862,160389,514.8,0.5973,0.7187,125.0,0.5,Programme Prosol 2026-07
2025-12-01,2025-12,D31,GAFSA,Gafsa,34.425,8.78417,representative_point,1072,3.4,3.172,135639,422.2,0.7903,0.8053,,,Programme Prosol 2025-12
2026-03-01,2026-03,D31,GAFSA,Gafsa,34.425,8.78417,representative_point,1162,3.7,3.184,144979,456.0,0.8015,0.8114,90.0,0.3,Programme Prosol 2026-03
2026-07-01,2026-07,D31,GAFSA,Gafsa,34.425,8.78417,representative_point,1263,4.1,3.246,160389,514.8,0.7875,0.7964,101.0,0.4,Programme Prosol 2026-07
2025-12-01,2025-12,D32,METLAOUI,Gafsa,34.32,8.4,representative_point,225,0.7,3.111,135639,422.2,0.1659,0.1658,,,Programme Prosol 2025-12
2026-03-01,2026-03,D32,METLAOUI,Gafsa,34.32,8.4,representative_point,244,0.7,2.869,144979,456.0,0.1683,0.1535,19.0,0.0,Programme Prosol 2026-03
2026-07-01,2026-07,D32,METLAOUI,Gafsa,34.32,8.4,representative_point,273,0.9,3.297,160389,514.8,0.1702,0.1748,29.0,0.2,Programme Prosol 2026-07
2025-12-01,2025-12,D33,TOZEUR,Tozeur,33.93,8.13,representative_point,1779,4.5,2.53,135639,422.2,1.3116,1.0658,,,Programme Prosol 2025-12
2026-03-01,2026-03,D33,TOZEUR,Tozeur,33.93,8.13,representative_point,1796,4.6,2.561,144979,456.0,1.2388,1.0088,17.0,0.1,Programme Prosol 2026-03
2026-07-01,2026-07,D33,TOZEUR,Tozeur,33.93,8.13,representative_point,1865,4.8,2.574,160389,514.8,1.1628,0.9324,69.0,0.2,Programme Prosol 2026-07
2025-12-01,2025-12,D34,MAKNASSY,Sidi Bouzid,34.61,9.61,representative_point,133,0.5,3.759,135639,422.2,0.0981,0.1184,,,Programme Prosol 2025-12
2026-03-01,2026-03,D34,MAKNASSY,Sidi Bouzid,34.61,9.61,representative_point,181,0.6,3.315,144979,456.0,0.1248,0.1316,48.0,0.1,Programme Prosol 2026-03
2026-07-01,2026-07,D34,MAKNASSY,Sidi Bouzid,34.61,9.61,representative_point,223,0.8,3.587,160389,514.8,0.139,0.1554,42.0,0.2,Programme Prosol 2026-07
2025-12-01,2025-12,D35,SFAX VILLE,Sfax,34.74056,10.76028,representative_point,6013,19.1,3.176,135639,422.2,4.4331,4.5239,,,Programme Prosol 2025-12
2026-03-01,2026-03,D35,SFAX VILLE,Sfax,34.74056,10.76028,representative_point,6301,20.1,3.19,144979,456.0,4.3461,4.4079,288.0,1.0,Programme Prosol 2026-03
2026-07-01,2026-07,D35,SFAX VILLE,Sfax,34.74056,10.76028,representative_point,6826,22.1,3.238,160389,514.8,4.2559,4.2929,525.0,2.0,Programme Prosol 2026-07
2025-12-01,2025-12,D36,JBENIANA,Sfax,35.035,10.90809,representative_point,1975,5.7,2.886,135639,422.2,1.4561,1.3501,,,Programme Prosol 2025-12
2026-03-01,2026-03,D36,JBENIANA,Sfax,35.035,10.90809,representative_point,2212,6.5,2.939,144979,456.0,1.5257,1.4254,237.0,0.8,Programme Prosol 2026-03
2026-07-01,2026-07,D36,JBENIANA,Sfax,35.035,10.90809,representative_point,2593,7.8,3.008,160389,514.8,1.6167,1.5152,381.0,1.3,Programme Prosol 2026-07
2025-12-01,2025-12,D37,SFAX NORD,Sfax,34.8,10.8,representative_point,9510,30.1,3.165,135639,422.2,7.0113,7.1293,,,Programme Prosol 2025-12
2026-03-01,2026-03,D37,SFAX NORD,Sfax,34.8,10.8,representative_point,10112,32.4,3.204,144979,456.0,6.9748,7.1053,602.0,2.3,Programme Prosol 2026-03
2026-07-01,2026-07,D37,SFAX NORD,Sfax,34.8,10.8,representative_point,11026,35.8,3.247,160389,514.8,6.8745,6.9542,914.0,3.4,Programme Prosol 2026-07
2025-12-01,2025-12,D38,MAHRES,Sfax,34.5275,10.50083,representative_point,2934,9.1,3.102,135639,422.2,2.1631,2.1554,,,Programme Prosol 2025-12
2026-03-01,2026-03,D38,MAHRES,Sfax,34.5275,10.50083,representative_point,3121,9.8,3.14,144979,456.0,2.1527,2.1491,187.0,0.7,Programme Prosol 2026-03
2026-07-01,2026-07,D38,MAHRES,Sfax,34.5275,10.50083,representative_point,3352,10.7,3.192,160389,514.8,2.0899,2.0785,231.0,0.9,Programme Prosol 2026-07
2025-12-01,2025-12,D39,SFAX SUD,Sfax,34.8314,10.66673,representative_point,8731,28.6,3.276,135639,422.2,6.4369,6.774,,,Programme Prosol 2025-12
2026-03-01,2026-03,D39,SFAX SUD,Sfax,34.8314,10.66673,representative_point,9189,30.2,3.287,144979,456.0,6.3382,6.6228,458.0,1.6,Programme Prosol 2026-03
2026-07-01,2026-07,D39,SFAX SUD,Sfax,34.8314,10.66673,representative_point,9977,33.4,3.348,160389,514.8,6.2205,6.488,788.0,3.2,Programme Prosol 2026-07
2025-12-01,2025-12,D40,GABES,Gabes,33.88333,10.11667,representative_point,2052,6.6,3.216,135639,422.2,1.5128,1.5632,,,Programme Prosol 2025-12
2026-03-01,2026-03,D40,GABES,Gabes,33.88333,10.11667,representative_point,2253,7.4,3.285,144979,456.0,1.554,1.6228,201.0,0.8,Programme Prosol 2026-03
2026-07-01,2026-07,D40,GABES,Gabes,33.88333,10.11667,representative_point,2446,8.1,3.312,160389,514.8,1.525,1.5734,193.0,0.7,Programme Prosol 2026-07
2025-12-01,2025-12,D41,KEBILI,Kebili,33.70194,8.97361,representative_point,3069,8.6,2.802,135639,422.2,2.2626,2.0369,,,Programme Prosol 2025-12
2026-03-01,2026-03,D41,KEBILI,Kebili,33.70194,8.97361,representative_point,3255,9.3,2.857,144979,456.0,2.2452,2.0395,186.0,0.7,Programme Prosol 2026-03
2026-07-01,2026-07,D41,KEBILI,Kebili,33.70194,8.97361,representative_point,3616,10.8,2.987,160389,514.8,2.2545,2.0979,361.0,1.5,Programme Prosol 2026-07
2025-12-01,2025-12,D42,ZARZIS,Medenine,33.503,11.112,representative_point,2051,7.1,3.462,135639,422.2,1.5121,1.6817,,,Programme Prosol 2025-12
2026-03-01,2026-03,D42,ZARZIS,Medenine,33.503,11.112,representative_point,2182,7.7,3.529,144979,456.0,1.505,1.6886,131.0,0.6,Programme Prosol 2026-03
2026-07-01,2026-07,D42,ZARZIS,Medenine,33.503,11.112,representative_point,2354,8.4,3.568,160389,514.8,1.4677,1.6317,172.0,0.7,Programme Prosol 2026-07
2025-12-01,2025-12,D43,MEDNINE,Medenine,33.35,10.49,representative_point,2366,7.7,3.254,135639,422.2,1.7443,1.8238,,,Programme Prosol 2025-12
2026-03-01,2026-03,D43,MEDNINE,Medenine,33.35,10.49,representative_point,2552,8.3,3.252,144979,456.0,1.7603,1.8202,186.0,0.6,Programme Prosol 2026-03
2026-07-01,2026-07,D43,MEDNINE,Medenine,33.35,10.49,representative_point,2889,9.6,3.323,160389,514.8,1.8012,1.8648,337.0,1.3,Programme Prosol 2026-07
2025-12-01,2025-12,D44,JERBA,Medenine,33.8076,10.8451,representative_point,7052,21.8,3.091,135639,422.2,5.1991,5.1634,,,Programme Prosol 2025-12
2026-03-01,2026-03,D44,JERBA,Medenine,33.8076,10.8451,representative_point,7488,23.4,3.125,144979,456.0,5.1649,5.1316,436.0,1.6,Programme Prosol 2026-03
2026-07-01,2026-07,D44,JERBA,Medenine,33.8076,10.8451,representative_point,8170,26.2,3.207,160389,514.8,5.0939,5.0894,682.0,2.8,Programme Prosol 2026-07
2025-12-01,2025-12,D45,TATAOUINE,Tataouine,32.93333,10.45,representative_point,2019,6.4,3.17,135639,422.2,1.4885,1.5159,,,Programme Prosol 2025-12
2026-03-01,2026-03,D45,TATAOUINE,Tataouine,32.93333,10.45,representative_point,2155,6.9,3.202,144979,456.0,1.4864,1.5132,136.0,0.5,Programme Prosol 2026-03
2026-07-01,2026-07,D45,TATAOUINE,Tataouine,32.93333,10.45,representative_point,2337,7.6,3.252,160389,514.8,1.4571,1.4763,182.0,0.7,Programme Prosol 2026-07
2025-12-01,2025-12,D46,BEN GUERDENE,Medenine,33.137,11.219,representative_point,858,3.0,3.497,135639,422.2,0.6326,0.7106,,,Programme Prosol 2025-12
2026-03-01,2026-03,D46,BEN GUERDENE,Medenine,33.137,11.219,representative_point,914,3.2,3.501,144979,456.0,0.6304,0.7018,56.0,0.2,Programme Prosol 2026-03
2026-07-01,2026-07,D46,BEN GUERDENE,Medenine,33.137,11.219,representative_point,1017,3.7,3.638,160389,514.8,0.6341,0.7187,103.0,0.5,Programme Prosol 2026-07
2025-12-01,2025-12,D47,GABES NORD,Gabes,33.92,10.1,representative_point,1622,4.7,2.898,135639,422.2,1.1958,1.1132,,,Programme Prosol 2025-12
2026-03-01,2026-03,D47,GABES NORD,Gabes,33.92,10.1,representative_point,1708,5.0,2.927,144979,456.0,1.1781,1.0965,86.0,0.3,Programme Prosol 2026-03
2026-07-01,2026-07,D47,GABES NORD,Gabes,33.92,10.1,representative_point,1934,5.9,3.051,160389,514.8,1.2058,1.1461,226.0,0.9,Programme Prosol 2026-07
2025-12-01,2025-12,D48,MSAKEN,Sousse,35.73,10.58,representative_point,2170,6.0,2.765,135639,422.2,1.5998,1.4211,,,Programme Prosol 2025-12
2026-03-01,2026-03,D48,MSAKEN,Sousse,35.73,10.58,representative_point,2421,7.0,2.891,144979,456.0,1.6699,1.5351,251.0,1.0,Programme Prosol 2026-03
2026-07-01,2026-07,D48,MSAKEN,Sousse,35.73,10.58,representative_point,2798,8.4,3.002,160389,514.8,1.7445,1.6317,377.0,1.4,Programme Prosol 2026-07
2025-12-01,2025-12,D49,SBEITLA,Kasserine,35.236,9.12,representative_point,112,0.4,3.571,135639,422.2,0.0826,0.0947,,,Programme Prosol 2025-12
2026-03-01,2026-03,D49,SBEITLA,Kasserine,35.236,9.12,representative_point,120,0.4,3.333,144979,456.0,0.0828,0.0877,8.0,0.0,Programme Prosol 2026-03
2026-07-01,2026-07,D49,SBEITLA,Kasserine,35.236,9.12,representative_point,134,0.5,3.731,160389,514.8,0.0835,0.0971,14.0,0.1,Programme Prosol 2026-07
2025-12-01,2025-12,D50,ENFIDHA,Sousse,36.135,10.38,representative_point,538,1.7,3.16,135639,422.2,0.3966,0.4027,,,Programme Prosol 2025-12
2026-03-01,2026-03,D50,ENFIDHA,Sousse,36.135,10.38,representative_point,587,1.9,3.237,144979,456.0,0.4049,0.4167,49.0,0.2,Programme Prosol 2026-03
2026-07-01,2026-07,D50,ENFIDHA,Sousse,36.135,10.38,representative_point,654,2.1,3.211,160389,514.8,0.4078,0.4079,67.0,0.2,Programme Prosol 2026-07
